updated_at_utc,rating_month,fide_id,name,federation,title,standard,inactive,status,source,mirror
2026-10-02T11:04:17+00:00,OCT26,1309293,"Hardt, Winfried",SUI,,1824,false,OK,https://ratings.fide.com/download_lists.phtml,https://raw.githubusercontent.com/samuraitruong/fide-ratings-utils/main/data/SUI/standard/standard.csv
2026-10-02T11:04:17+00:00,OCT26,1311727,"Anzalone, Michel",SUI,,1810,false,OK,https://ratings.fide.com/download_lists.phtml,https://raw.githubusercontent.com/samuraitruong/fide-ratings-utils/main/data/SUI/standard/standard.csv
2026-10-02T11:04:17+00:00,OCT26,1311824,"Christmann, Rene",SUI,,1512,false,OK,https://ratings.fide.com/download_lists.phtml,https://raw.githubusercontent.com/samuraitruong/fide-ratings-utils/main/data/SUI/standard/standard.csv
2026-10-02T11:04:17+00:00,OCT26,1312260,"Schambacher, Maurice",SUI,,1638,false,OK,https://ratings.fide.com/download_lists.phtml,https://raw.githubusercontent.com/samuraitruong/fide-ratings-utils/main/data/SUI/standard/standard.csv
2026-10-02T11:04:17+00:00,OCT26,1312340,"Steiner, Philippe",SUI,,1835,false,OK,https://ratings.fide.com/download_lists.phtml,https://raw.githubusercontent.com/samuraitruong/fide-ratings-utils/main/data/SUI/standard/standard.csv
2026-10-02T11:04:17+00:00,OCT26,1313878,"Flamand, Pierre",SUI,,1558,false,OK,https://ratings.fide.com/download_lists.phtml,https://raw.githubusercontent.com/samuraitruong/fide-ratings-utils/main/data/SUI/standard/standard.csv
2026-10-02T11:04:17+00:00,OCT26,1334620,"Moret, Michel",SUI,,1822,false,OK,https://ratings.fide.com/download_lists.phtml,https://raw.githubusercontent.com/samuraitruong/fide-ratings-utils/main/data/SUI/standard/standard.csv
2026-10-02T11:04:17+00:00,OCT26,1357743,"Creux, Francois",SUI,,1846,false,OK,https://ratings.fide.com/download_lists.phtml,https://raw.githubusercontent.com/samuraitruong/fide-ratings-utils/main/data/SUI/standard/standard.csv
2026-10-02T11:04:17+00:00,OCT26,1362046,"Huescar, Elliot",SUI,,1632,false,OK,https://ratings.fide.com/download_lists.phtml,https://raw.githubusercontent.com/samuraitruong/fide-ratings-utils/main/data/SUI/standard/standard.csv
2026-10-02T11:04:17+00:00,OCT26,1385992,"Constant, Jean-Luc",SUI,,1627,false,OK,https://ratings.fide.com/download_lists.phtml,https://raw.githubusercontent.com/samuraitruong/fide-ratings-utils/main/data/SUI/standard/standard.csv
2026-10-02T11:04:17+00:00,OCT26,1387898,"Haarman, Eddy",SUI,,1517,false,OK,https://ratings.fide.com/download_lists.phtml,https://raw.githubusercontent.com/samuraitruong/fide-ratings-utils/main/data/SUI/standard/standard.csv
2026-10-02T11:04:17+00:00,OCT26,1388355,"Hoffmann, Antoine",SUI,,1500,false,OK,https://ratings.fide.com/download_lists.phtml,https://raw.githubusercontent.com/samuraitruong/fide-ratings-utils/main/data/SUI/standard/standard.csv
2026-10-02T11:04:17+00:00,OCT26,1390376,"Magnenat, Xavier",SUI,,1478,false,OK,https://ratings.fide.com/download_lists.phtml,https://raw.githubusercontent.com/samuraitruong/fide-ratings-utils/main/data/SUI/standard/standard.csv
2026-10-02T11:04:17+00:00,OCT26,1390775,"Menoud, Gael",SUI,,1605,false,OK,https://ratings.fide.com/download_lists.phtml,https://raw.githubusercontent.com/samuraitruong/fide-ratings-utils/main/data/SUI/standard/standard.csv
2026-10-02T11:04:17+00:00,OCT26,1391348,"Nguyen Duy, Quan",SUI,,1654,false,OK,https://ratings.fide.com/download_lists.phtml,https://raw.githubusercontent.com/samuraitruong/fide-ratings-utils/main/data/SUI/standard/standard.csv
2026-10-02T11:04:17+00:00,OCT26,1395050,"Waegeli, Gilbert",SUI,,1503,false,OK,https://ratings.fide.com/download_lists.phtml,https://raw.githubusercontent.com/samuraitruong/fide-ratings-utils/main/data/SUI/standard/standard.csv
2026-10-02T11:04:17+00:00,,1397192,,,,,,No published Standard rating,https://ratings.fide.com/download_lists.phtml,https://raw.githubusercontent.com/samuraitruong/fide-ratings-utils/main/data/SUI/standard/standard.csv | https://raw.githubusercontent.com/samuraitruong/fide-ratings-utils/main/data/FRA/standard/standard.csv
2026-10-02T11:04:17+00:00,,1397206,,,,,,No published Standard rating,https://ratings.fide.com/download_lists.phtml,https://raw.githubusercontent.com/samuraitruong/fide-ratings-utils/main/data/SUI/standard/standard.csv | https://raw.githubusercontent.com/samuraitruong/fide-ratings-utils/main/data/FRA/standard/standard.csv
2026-10-02T11:04:17+00:00,OCT26,80420117,"Perrin, Julien",FRA,,1601,false,OK,https://ratings.fide.com/download_lists.phtml,https://raw.githubusercontent.com/samuraitruong/fide-ratings-utils/main/data/FRA/standard/standard.csv
2026-10-02T11:04:17+00:00,OCT26,134178780,"Van Bogaert, Olivier",SUI,,1860,false,OK,https://ratings.fide.com/download_lists.phtml,https://raw.githubusercontent.com/samuraitruong/fide-ratings-utils/main/data/SUI/standard/standard.csv
